name,abbreviation,nirf_rank,state,city,affiliation,founded_year,is_premier,rating,placement_percentage,avg_package,highest_package,description
Indian Institute of Technology Madras,IIT Madras,1,Tamil Nadu,Chennai,Central Govt. Autonomous,1959,True,4.9,98.5,21.48,198.0,Top engineering institute in India known for innovation and research.
Indian Institute of Technology Delhi,IIT Delhi,2,Delhi,New Delhi,Central Govt. Autonomous,1961,True,4.8,97.2,20.5,200.0,Premier institute renowned for its deep tech research and startup ecosystem.
Indian Institute of Technology Bombay,IIT Bombay,3,Maharashtra,Mumbai,Central Govt. Autonomous,1958,True,4.9,98.1,22.7,367.0,"Located in the financial capital, excellent industry exposure and placements."
Indian Institute of Technology Kanpur,IIT Kanpur,4,Uttar Pradesh,Kanpur,Central Govt. Autonomous,1959,True,4.8,96.5,19.8,190.0,Famous for its rigorous academic curriculum and aerospace engineering program.
Indian Institute of Technology Kharagpur,IIT KGP,5,West Bengal,Kharagpur,Central Govt. Autonomous,1951,True,4.7,95.8,18.2,260.0,The oldest IIT with the largest campus and highest student intake.
Indian Institute of Technology Roorkee,IIT Roorkee,6,Uttarakhand,Roorkee,Central Govt. Autonomous,1847,True,4.6,94.5,17.0,130.0,"One of the oldest technical institutions in Asia, exceptionally strong in Civil & Architecture."
Indian Institute of Technology Guwahati,IIT Guwahati,7,Assam,Guwahati,Central Govt. Autonomous,1994,True,4.6,93.0,16.5,120.0,Beautiful campus on the banks of Brahmaputra with strong focus on biotechnology and design.
Indian Institute of Technology Hyderabad,IIT Hyderabad,8,Telangana,Hyderabad,Central Govt. Autonomous,2008,True,4.7,92.5,18.0,150.0,A fast-growing second-generation IIT with an excellent artificial intelligence program.
National Institute of Technology Tiruchirappalli,NIT Trichy,9,Tamil Nadu,Tiruchirappalli,Central Govt. Autonomous,1964,True,4.6,95.0,15.5,108.0,"The top-ranked NIT in the country, comparable to elite IITs in placements."
National Institute of Technology Karnataka,NITK Surathkal,12,Karnataka,Surathkal,Central Govt. Autonomous,1960,True,4.5,93.5,14.8,85.0,Beachside campus with massive industry linkage in the IT hub of India.
National Institute of Technology Rourkela,NIT Rourkela,16,Odisha,Rourkela,Central Govt. Autonomous,1961,True,4.4,91.0,12.5,65.0,Known for excellent metallurgical and core engineering placements.
National Institute of Technology Warangal,NIT Warangal,21,Telangana,Warangal,Central Govt. Autonomous,1959,True,4.5,92.0,14.0,88.0,"The first NIT established by Nehru, highly competitive CS & Electronics branches."
Motilal Nehru National Institute of Technology,MNNIT Allahabad,49,Uttar Pradesh,Prayagraj,Central Govt. Autonomous,1961,False,4.2,88.2,11.5,55.0,Excellent placement records in software engineering profiles.
Malaviya National Institute of Technology,MNIT Jaipur,37,Rajasthan,Jaipur,Central Govt. Autonomous,1963,False,4.3,89.0,11.2,50.0,"Located in the pink city, offering great core and IT placements."
Vellore Institute of Technology,VIT Vellore,11,Tamil Nadu,Vellore,Private Deemed,1984,True,4.3,94.0,9.2,102.0,Massive intake but exceptionally good placement cells and infrastructure.
Birla Institute of Technology and Science,BITS Pilani,20,Rajasthan,Pilani,Private Deemed,1964,True,4.8,97.5,22.0,133.0,The absolute best private engineering college with strict 0% attendance policy and IIT-level placements.
Amrita Vishwa Vidyapeetham,Amrita,19,Tamil Nadu,Coimbatore,Private Deemed,1994,False,4.2,91.5,8.5,56.0,Strongly valuedriven private institution heavily invested in applied research.
Manipal Academy of Higher Education,MAHE,6,Karnataka,Manipal,Private Deemed,1953,True,4.4,88.0,8.5,44.0,Global campus vibe with highly recognized medical and engineering wings.
SRM Institute of Science and Technology,SRM,18,Tamil Nadu,Chennai,Private Deemed,1985,False,4.0,92.0,7.5,52.0,Large multi-disciplinary institution with global exchange partnerships.
Thapar Institute of Engineering and Technology,TIET,22,Punjab,Patiala,Private Deemed,1956,False,4.1,90.0,10.5,45.0,One of North India's oldest and most reputed private engineering schools.
Kalinga Institute of Industrial Technology,KIIT,42,Odisha,Bhubaneswar,Private Deemed,1992,False,3.9,87.0,6.5,30.0,A massive infrastructure hub with diverse course offerings.
Jadavpur University,JU,10,West Bengal,Kolkata,State Govt. Autonomous,1955,True,4.7,95.0,15.0,65.0,Renowned for incredible ROI with dirt-cheap fees and elite placements.
Anna University,Anna Univ,13,Tamil Nadu,Chennai,State Govt. Autonomous,1978,True,4.5,91.0,8.0,36.0,The flagship state university for engineering in Tamil Nadu.
Delhi Technological University,DTU,29,Delhi,New Delhi,State Govt. Autonomous,1941,True,4.6,94.0,16.5,85.0,"Formerly DCE, the absolute best state university for coding and software placements."
Netaji Subhas University of Technology,NSUT,60,Delhi,New Delhi,State Govt. Autonomous,1983,False,4.5,92.5,14.5,75.0,"Sister college to DTU, amazing computer science placements in Delhi NCR."
University of Delhi,DU,11,Delhi,New Delhi,Central Govt. Autonomous,1922,True,4.6,80.0,9.5,45.0,"India's most reputed central university for Arts, Science and Commerce."
Jawaharlal Nehru University,JNU,2,Delhi,New Delhi,Central Govt. Autonomous,1969,True,4.8,75.0,8.0,32.0,"The highest-rated university for humanities, languages, and social science research."
Banaras Hindu University,BHU,5,Uttar Pradesh,Varanasi,Central Govt. Autonomous,1916,True,4.5,82.0,10.0,50.0,Historic campus offering diverse degrees including an IIT wing and massive medical college.
Indian Institute of Management Ahmedabad,IIMA,1,Gujarat,Ahmedabad,Central Govt. Autonomous,1961,True,4.9,100.0,35.0,120.0,The absolute pinnacle of MBA education in India. Renowned for strategy leadership.
Indian Institute of Management Bangalore,IIMB,2,Karnataka,Bangalore,Central Govt. Autonomous,1973,True,4.9,100.0,34.5,115.0,Elite management institute positioned in the Silicon Valley of India.
Indian Institute of Management Calcutta,IIMC,4,West Bengal,Kolkata,Central Govt. Autonomous,1961,True,4.8,100.0,34.0,115.0,Known for its extremely challenging finance curriculum.
Indian Institute of Management Lucknow,IIML,6,Uttar Pradesh,Lucknow,Central Govt. Autonomous,1984,True,4.6,100.0,30.0,85.0,A premier IIM known for stellar consulting and marketing placements.
XLRI Xavier School of Management,XLRI,9,Jharkhand,Jamshedpur,Private Autonomous,1949,True,4.8,100.0,32.0,90.0,India's absolute best institute for Human Resource Management (HR).
Faculty of Management Studies,FMS Delhi,0,Delhi,New Delhi,Central Govt. Autonomous,1954,True,4.8,100.0,34.5,80.0,"The 'Red Building of Dreams' known for unparalleled ROI: lowest fees, massive packages."
All India Institute of Medical Sciences,AIIMS Delhi,1,Delhi,New Delhi,Central Govt. Autonomous,1956,True,5.0,100.0,14.0,35.0,The holy grail of medical education globally. Immensely competitive.
Post Graduate Institute of Medical Education and Research,PGIMER,2,Chandigarh,Chandigarh,Central Govt. Autonomous,1962,True,4.9,100.0,12.0,30.0,Premier institute entirely dedicated to post-graduate medical research.
Christian Medical College,CMC Vellore,3,Tamil Nadu,Vellore,Private Aided,1900,True,4.8,98.0,10.0,25.0,A highly reputed private medical college deeply rooted in medical ethics and service.
National Institute of Mental Health & Neuro Sciences,NIMHANS,4,Karnataka,Bangalore,Central Govt. Autonomous,1974,True,4.9,100.0,15.0,40.0,The nation's apex center for mental health and neuroscience research.
National Law School of India University,NLSIU,1,Karnataka,Bangalore,State Govt. Autonomous,1986,True,4.9,99.0,18.0,45.0,The absolute best law school in India. Produces top corporate lawyers and judges.
National Law University,NLU Delhi,2,Delhi,New Delhi,State Govt. Autonomous,2008,True,4.8,98.0,16.5,42.0,Elite law school standing right alongside NLSIU in prestige.
NALSAR University of Law,NALSAR,3,Telangana,Hyderabad,State Govt. Autonomous,1998,True,4.8,95.0,16.0,40.0,Highly respected top-tier national law institution.
Excel College of Computing Sciences Nagpur,EC Nagpur,300,Maharashtra,Nagpur,Private Educational Trust,2004,False,3.6,56.0,6.4,14.0,"A prominent regional institution located in Nagpur, offering various programs in computing sciences."
Vertex College of Engineering and Management Kolkata,VE Kolkata,154,West Bengal,Kolkata,Deemed University,2007,False,4.0,69.4,4.1,12.3,"A prominent regional institution located in Kolkata, offering various programs in engineering and management."
Royal Academy of Business Administration Kanpur,RB Kanpur,247,Uttar Pradesh,Kanpur,AICTE Approved Private,1993,False,3.0,70.6,6.3,16.2,"A prominent regional institution located in Kanpur, offering various programs in business administration."
Horizon Academy of Engineering and Management Lucknow,HE Lucknow,382,Uttar Pradesh,Lucknow,Private Educational Trust,2004,False,3.7,79.7,4.0,10.8,"A prominent regional institution located in Lucknow, offering various programs in engineering and management."
Future College of Advanced Studies Thane,FA Thane,360,Maharashtra,Thane,State Govt. Autonomous,1996,False,3.9,66.4,5.8,15.9,"A prominent regional institution located in Thane, offering various programs in advanced studies."
Meridian Institute of Technology and Science Indore,MT Indore,167,Madhya Pradesh,Indore,Deemed University,1981,False,3.9,71.4,7.2,20.5,"A prominent regional institution located in Indore, offering various programs in technology and science."
Excel Academy of Business Administration Hyderabad,EB Hyderabad,182,Telangana,Hyderabad,Private Educational Trust,1989,False,3.0,55.7,5.0,21.1,"A prominent regional institution located in Hyderabad, offering various programs in business administration."
Global Institute of Computing Sciences Visakhapatnam,GC Visakhapatnam,574,Andhra Pradesh,Visakhapatnam,AICTE Approved Private,2001,False,4.0,68.0,4.0,18.1,"A prominent regional institution located in Visakhapatnam, offering various programs in computing sciences."
Sunrise Academy of Engineering and Management Thane,SE Thane,228,Maharashtra,Thane,Private Educational Trust,1991,False,3.3,74.3,4.6,9.2,"A prominent regional institution located in Thane, offering various programs in engineering and management."
Horizon College of Advanced Studies Indore,HA Indore,716,Madhya Pradesh,Indore,Private Educational Trust,1982,False,3.7,56.8,4.9,19.3,"A prominent regional institution located in Indore, offering various programs in advanced studies."
Meridian Academy of Advanced Studies Nagpur,MA Nagpur,544,Maharashtra,Nagpur,Private Educational Trust,1980,False,3.3,56.8,4.4,17.2,"A prominent regional institution located in Nagpur, offering various programs in advanced studies."
Royal Academy of Technology and Science Hyderabad,RT Hyderabad,729,Telangana,Hyderabad,State Govt. Autonomous,1990,False,3.4,78.5,6.3,18.3,"A prominent regional institution located in Hyderabad, offering various programs in technology and science."
Sunrise School of Business Administration Chennai,SB Chennai,310,Tamil Nadu,Chennai,Deemed University,2000,False,3.9,58.9,6.8,14.8,"A prominent regional institution located in Chennai, offering various programs in business administration."
Meridian Academy of Advanced Studies Thane,MA Thane,558,Maharashtra,Thane,Private Educational Trust,1994,False,4.0,61.4,6.1,10.3,"A prominent regional institution located in Thane, offering various programs in advanced studies."
Apex Academy of Business Administration Kanpur,AB Kanpur,278,Uttar Pradesh,Kanpur,Deemed University,1996,False,3.5,56.5,7.2,14.9,"A prominent regional institution located in Kanpur, offering various programs in business administration."
Horizon Institute of Engineering and Management Lucknow,HE Lucknow,609,Uttar Pradesh,Lucknow,State Govt. Autonomous,1985,False,3.8,58.2,3.8,17.8,"A prominent regional institution located in Lucknow, offering various programs in engineering and management."
Royal College of Engineering and Management Pune,RE Pune,330,Maharashtra,Pune,Deemed University,2016,False,3.7,65.4,4.8,18.9,"A prominent regional institution located in Pune, offering various programs in engineering and management."
Royal College of Business Administration Thane,RB Thane,176,Maharashtra,Thane,Private Educational Trust,2016,False,3.6,67.2,6.5,8.2,"A prominent regional institution located in Thane, offering various programs in business administration."
Vertex College of Technology and Science Surat,VT Surat,793,Gujarat,Surat,Deemed University,2010,False,3.5,82.8,3.6,21.7,"A prominent regional institution located in Surat, offering various programs in technology and science."
Royal School of Technology and Science Mumbai,RT Mumbai,468,Maharashtra,Mumbai,Private Educational Trust,2010,False,3.8,78.8,4.7,13.0,"A prominent regional institution located in Mumbai, offering various programs in technology and science."
Sunrise Institute of Computing Sciences Ahmedabad,SC Ahmedabad,119,Gujarat,Ahmedabad,UGC Recognized Private,2006,False,3.3,77.5,6.0,8.2,"A prominent regional institution located in Ahmedabad, offering various programs in computing sciences."
Excel Institute of Technology and Science Chennai,ET Chennai,313,Tamil Nadu,Chennai,Private Educational Trust,1990,False,3.5,60.0,6.2,21.3,"A prominent regional institution located in Chennai, offering various programs in technology and science."
Excel Academy of Technology and Science Hyderabad,ET Hyderabad,648,Telangana,Hyderabad,AICTE Approved Private,2000,False,3.1,59.5,7.4,12.6,"A prominent regional institution located in Hyderabad, offering various programs in technology and science."
Future Institute of Engineering and Management Jaipur,FE Jaipur,568,Rajasthan,Jaipur,Deemed University,2018,False,3.4,75.6,4.0,10.9,"A prominent regional institution located in Jaipur, offering various programs in engineering and management."
Meridian College of Engineering and Management Pune,ME Pune,588,Maharashtra,Pune,UGC Recognized Private,2011,False,3.3,66.5,5.5,24.5,"A prominent regional institution located in Pune, offering various programs in engineering and management."
Vertex College of Engineering and Management Jaipur,VE Jaipur,613,Rajasthan,Jaipur,UGC Recognized Private,1981,False,3.7,62.3,5.7,20.4,"A prominent regional institution located in Jaipur, offering various programs in engineering and management."
Meridian College of Engineering and Management Pimpri-Chinchwad,ME Pimpri-Chinchwad,232,Maharashtra,Pimpri-Chinchwad,Deemed University,2004,False,3.9,57.7,6.7,24.0,"A prominent regional institution located in Pimpri-Chinchwad, offering various programs in engineering and management."
Future Academy of Advanced Studies Chennai,FA Chennai,780,Tamil Nadu,Chennai,UGC Recognized Private,2009,False,3.7,64.4,5.8,17.1,"A prominent regional institution located in Chennai, offering various programs in advanced studies."
Vertex Academy of Computing Sciences Jaipur,VC Jaipur,190,Rajasthan,Jaipur,AICTE Approved Private,2011,False,3.2,73.2,4.7,10.6,"A prominent regional institution located in Jaipur, offering various programs in computing sciences."
Royal College of Technology and Science Bhopal,RT Bhopal,642,Madhya Pradesh,Bhopal,UGC Recognized Private,1981,False,3.5,62.2,4.1,14.7,"A prominent regional institution located in Bhopal, offering various programs in technology and science."
Excel School of Engineering and Management Indore,EE Indore,756,Madhya Pradesh,Indore,Private Educational Trust,2011,False,3.6,73.7,4.5,20.0,"A prominent regional institution located in Indore, offering various programs in engineering and management."
Sunrise Academy of Computing Sciences Nagpur,SC Nagpur,429,Maharashtra,Nagpur,State Govt. Autonomous,1991,False,3.8,66.0,6.8,13.6,"A prominent regional institution located in Nagpur, offering various programs in computing sciences."
Pioneer College of Technology and Science Nagpur,PT Nagpur,646,Maharashtra,Nagpur,AICTE Approved Private,2002,False,3.6,65.0,4.4,10.1,"A prominent regional institution located in Nagpur, offering various programs in technology and science."
Meridian School of Business Administration Mumbai,MB Mumbai,727,Maharashtra,Mumbai,AICTE Approved Private,2017,False,3.1,66.1,5.9,9.1,"A prominent regional institution located in Mumbai, offering various programs in business administration."
Global School of Business Administration Lucknow,GB Lucknow,340,Uttar Pradesh,Lucknow,UGC Recognized Private,2012,False,3.8,81.9,3.6,22.2,"A prominent regional institution located in Lucknow, offering various programs in business administration."
Royal Academy of Advanced Studies Chennai,RA Chennai,437,Tamil Nadu,Chennai,Deemed University,2003,False,3.3,82.4,4.6,21.6,"A prominent regional institution located in Chennai, offering various programs in advanced studies."
Apex Academy of Technology and Science Nagpur,AT Nagpur,576,Maharashtra,Nagpur,State Govt. Autonomous,2013,False,3.6,58.5,6.6,9.7,"A prominent regional institution located in Nagpur, offering various programs in technology and science."
Meridian School of Advanced Studies Bangalore,MA Bangalore,605,Karnataka,Bangalore,Private Educational Trust,2007,False,3.0,61.1,3.6,12.9,"A prominent regional institution located in Bangalore, offering various programs in advanced studies."
Excel Institute of Computing Sciences Thane,EC Thane,185,Maharashtra,Thane,UGC Recognized Private,1993,False,3.8,69.0,7.0,15.0,"A prominent regional institution located in Thane, offering various programs in computing sciences."
Global Academy of Computing Sciences Ahmedabad,GC Ahmedabad,336,Gujarat,Ahmedabad,Deemed University,2002,False,3.5,76.6,6.4,22.1,"A prominent regional institution located in Ahmedabad, offering various programs in computing sciences."
Excel Academy of Engineering and Management Kanpur,EE Kanpur,175,Uttar Pradesh,Kanpur,Private Educational Trust,2004,False,3.5,56.8,4.7,19.7,"A prominent regional institution located in Kanpur, offering various programs in engineering and management."
Global School of Technology and Science Ahmedabad,GT Ahmedabad,465,Gujarat,Ahmedabad,Private Educational Trust,2013,False,3.0,67.4,6.8,8.2,"A prominent regional institution located in Ahmedabad, offering various programs in technology and science."
Future School of Business Administration Surat,FB Surat,671,Gujarat,Surat,Private Educational Trust,1987,False,3.4,84.4,5.5,24.5,"A prominent regional institution located in Surat, offering various programs in business administration."
Global School of Computing Sciences Lucknow,GC Lucknow,494,Uttar Pradesh,Lucknow,AICTE Approved Private,1995,False,3.1,84.2,4.1,21.4,"A prominent regional institution located in Lucknow, offering various programs in computing sciences."
Sunrise School of Business Administration Hyderabad,SB Hyderabad,583,Telangana,Hyderabad,AICTE Approved Private,2018,False,4.1,73.3,6.5,17.5,"A prominent regional institution located in Hyderabad, offering various programs in business administration."
Pioneer College of Advanced Studies Delhi,PA Delhi,680,Delhi,Delhi,AICTE Approved Private,1989,False,3.2,80.8,6.0,9.1,"A prominent regional institution located in Delhi, offering various programs in advanced studies."
Royal Institute of Computing Sciences Thane,RC Thane,184,Maharashtra,Thane,UGC Recognized Private,1989,False,3.5,67.4,4.3,16.9,"A prominent regional institution located in Thane, offering various programs in computing sciences."
Pioneer Academy of Business Administration Vadodara,PB Vadodara,419,Gujarat,Vadodara,Deemed University,1986,False,3.6,67.0,5.3,22.1,"A prominent regional institution located in Vadodara, offering various programs in business administration."
Sunrise Institute of Engineering and Management Bangalore,SE Bangalore,350,Karnataka,Bangalore,AICTE Approved Private,2018,False,4.0,72.2,4.1,21.2,"A prominent regional institution located in Bangalore, offering various programs in engineering and management."
Royal Institute of Advanced Studies Pimpri-Chinchwad,RA Pimpri-Chinchwad,358,Maharashtra,Pimpri-Chinchwad,Private Educational Trust,2011,False,3.2,75.0,6.8,15.9,"A prominent regional institution located in Pimpri-Chinchwad, offering various programs in advanced studies."
Global Academy of Engineering and Management Mumbai,GE Mumbai,550,Maharashtra,Mumbai,Deemed University,1982,False,3.5,61.1,7.3,13.8,"A prominent regional institution located in Mumbai, offering various programs in engineering and management."
Sunrise Academy of Business Administration Mumbai,SB Mumbai,754,Maharashtra,Mumbai,Deemed University,1986,False,3.9,79.3,3.7,24.4,"A prominent regional institution located in Mumbai, offering various programs in business administration."
Excel Academy of Business Administration Bangalore,EB Bangalore,393,Karnataka,Bangalore,Deemed University,2016,False,3.3,75.3,6.0,17.1,"A prominent regional institution located in Bangalore, offering various programs in business administration."
Horizon School of Computing Sciences Bangalore,HC Bangalore,165,Karnataka,Bangalore,Private Educational Trust,1997,False,3.9,66.4,4.2,24.0,"A prominent regional institution located in Bangalore, offering various programs in computing sciences."
Apex College of Engineering and Management Bangalore,AE Bangalore,152,Karnataka,Bangalore,Private Educational Trust,1981,False,3.8,60.2,6.9,18.8,"A prominent regional institution located in Bangalore, offering various programs in engineering and management."
Royal Academy of Advanced Studies Delhi,RA Delhi,376,Delhi,Delhi,Deemed University,1993,False,3.6,73.8,7.0,8.7,"A prominent regional institution located in Delhi, offering various programs in advanced studies."
Global College of Computing Sciences Ahmedabad,GC Ahmedabad,125,Gujarat,Ahmedabad,AICTE Approved Private,1990,False,3.7,60.1,6.8,14.2,"A prominent regional institution located in Ahmedabad, offering various programs in computing sciences."
Vertex Academy of Business Administration Visakhapatnam,VB Visakhapatnam,507,Andhra Pradesh,Visakhapatnam,Deemed University,2003,False,4.1,68.3,6.6,14.6,"A prominent regional institution located in Visakhapatnam, offering various programs in business administration."
Apex Academy of Technology and Science Visakhapatnam,AT Visakhapatnam,328,Andhra Pradesh,Visakhapatnam,Private Educational Trust,1984,False,3.2,80.0,6.1,12.7,"A prominent regional institution located in Visakhapatnam, offering various programs in technology and science."
Vertex College of Engineering and Management Kolkata,VE Kolkata,281,West Bengal,Kolkata,State Govt. Autonomous,2013,False,4.1,59.1,4.7,13.2,"A prominent regional institution located in Kolkata, offering various programs in engineering and management."
Future College of Technology and Science Patna,FT Patna,390,Bihar,Patna,Deemed University,2015,False,3.7,70.9,3.7,19.5,"A prominent regional institution located in Patna, offering various programs in technology and science."
Apex School of Business Administration Pune,AB Pune,206,Maharashtra,Pune,UGC Recognized Private,1980,False,3.1,68.7,7.0,13.3,"A prominent regional institution located in Pune, offering various programs in business administration."
Global School of Business Administration Pimpri-Chinchwad,GB Pimpri-Chinchwad,278,Maharashtra,Pimpri-Chinchwad,Deemed University,2002,False,3.2,68.8,3.5,18.4,"A prominent regional institution located in Pimpri-Chinchwad, offering various programs in business administration."
Sunrise College of Engineering and Management Chennai,SE Chennai,732,Tamil Nadu,Chennai,UGC Recognized Private,2011,False,4.1,63.5,5.7,14.5,"A prominent regional institution located in Chennai, offering various programs in engineering and management."
Meridian Academy of Advanced Studies Jaipur,MA Jaipur,661,Rajasthan,Jaipur,AICTE Approved Private,1999,False,3.3,77.7,6.4,10.0,"A prominent regional institution located in Jaipur, offering various programs in advanced studies."
Apex Institute of Technology and Science Thane,AT Thane,493,Maharashtra,Thane,Deemed University,1988,False,3.4,68.0,3.9,15.4,"A prominent regional institution located in Thane, offering various programs in technology and science."
Royal Academy of Technology and Science Indore,RT Indore,113,Madhya Pradesh,Indore,UGC Recognized Private,1999,False,3.6,66.5,6.9,22.6,"A prominent regional institution located in Indore, offering various programs in technology and science."
Sunrise College of Computing Sciences Bhopal,SC Bhopal,440,Madhya Pradesh,Bhopal,Deemed University,2014,False,4.0,76.1,6.6,24.2,"A prominent regional institution located in Bhopal, offering various programs in computing sciences."
Royal School of Technology and Science Nagpur,RT Nagpur,287,Maharashtra,Nagpur,AICTE Approved Private,2010,False,3.2,71.8,7.4,8.3,"A prominent regional institution located in Nagpur, offering various programs in technology and science."
Sunrise Institute of Computing Sciences Nagpur,SC Nagpur,306,Maharashtra,Nagpur,AICTE Approved Private,2006,False,3.5,58.9,6.6,11.9,"A prominent regional institution located in Nagpur, offering various programs in computing sciences."
Apex Institute of Business Administration Thane,AB Thane,591,Maharashtra,Thane,Private Educational Trust,1982,False,3.4,79.3,5.7,8.9,"A prominent regional institution located in Thane, offering various programs in business administration."
Global Academy of Computing Sciences Bangalore,GC Bangalore,633,Karnataka,Bangalore,AICTE Approved Private,1984,False,3.2,69.5,4.9,20.2,"A prominent regional institution located in Bangalore, offering various programs in computing sciences."
Horizon School of Computing Sciences Pimpri-Chinchwad,HC Pimpri-Chinchwad,250,Maharashtra,Pimpri-Chinchwad,UGC Recognized Private,1993,False,3.6,57.2,3.8,23.7,"A prominent regional institution located in Pimpri-Chinchwad, offering various programs in computing sciences."
Meridian College of Advanced Studies Visakhapatnam,MA Visakhapatnam,677,Andhra Pradesh,Visakhapatnam,Deemed University,2009,False,3.5,61.8,6.1,10.0,"A prominent regional institution located in Visakhapatnam, offering various programs in advanced studies."
Horizon Institute of Technology and Science Mumbai,HT Mumbai,557,Maharashtra,Mumbai,State Govt. Autonomous,1995,False,3.3,69.0,6.5,10.0,"A prominent regional institution located in Mumbai, offering various programs in technology and science."
Meridian School of Engineering and Management Kanpur,ME Kanpur,161,Uttar Pradesh,Kanpur,UGC Recognized Private,2017,False,3.2,81.4,5.7,13.8,"A prominent regional institution located in Kanpur, offering various programs in engineering and management."
Royal Institute of Computing Sciences Jaipur,RC Jaipur,610,Rajasthan,Jaipur,AICTE Approved Private,2006,False,3.8,81.6,5.4,14.4,"A prominent regional institution located in Jaipur, offering various programs in computing sciences."
Royal College of Computing Sciences Lucknow,RC Lucknow,291,Uttar Pradesh,Lucknow,State Govt. Autonomous,2003,False,3.6,77.9,5.0,16.0,"A prominent regional institution located in Lucknow, offering various programs in computing sciences."
Future College of Computing Sciences Indore,FC Indore,583,Madhya Pradesh,Indore,UGC Recognized Private,2012,False,3.6,64.9,3.8,22.2,"A prominent regional institution located in Indore, offering various programs in computing sciences."
Sunrise College of Advanced Studies Indore,SA Indore,182,Madhya Pradesh,Indore,UGC Recognized Private,2007,False,3.2,64.4,3.6,15.9,"A prominent regional institution located in Indore, offering various programs in advanced studies."
Vertex College of Engineering and Management Bhopal,VE Bhopal,130,Madhya Pradesh,Bhopal,Deemed University,1985,False,3.6,69.2,3.8,13.2,"A prominent regional institution located in Bhopal, offering various programs in engineering and management."
Horizon Institute of Computing Sciences Kanpur,HC Kanpur,100,Uttar Pradesh,Kanpur,AICTE Approved Private,1989,False,4.1,77.1,4.8,24.2,"A prominent regional institution located in Kanpur, offering various programs in computing sciences."
Apex Institute of Engineering and Management Kanpur,AE Kanpur,540,Uttar Pradesh,Kanpur,UGC Recognized Private,2002,False,3.9,58.9,7.0,16.4,"A prominent regional institution located in Kanpur, offering various programs in engineering and management."
Global Academy of Advanced Studies Indore,GA Indore,263,Madhya Pradesh,Indore,State Govt. Autonomous,1994,False,3.1,68.3,4.8,19.5,"A prominent regional institution located in Indore, offering various programs in advanced studies."
Vertex College of Engineering and Management Nagpur,VE Nagpur,117,Maharashtra,Nagpur,UGC Recognized Private,2011,False,3.0,74.6,5.0,11.5,"A prominent regional institution located in Nagpur, offering various programs in engineering and management."
Future Academy of Technology and Science Delhi,FT Delhi,649,Delhi,Delhi,Deemed University,2015,False,3.5,59.5,3.5,21.2,"A prominent regional institution located in Delhi, offering various programs in technology and science."
Apex College of Computing Sciences Patna,AC Patna,600,Bihar,Patna,UGC Recognized Private,2012,False,3.2,84.4,5.1,8.5,"A prominent regional institution located in Patna, offering various programs in computing sciences."
Sunrise School of Computing Sciences Pune,SC Pune,137,Maharashtra,Pune,State Govt. Autonomous,1991,False,3.5,79.7,7.4,8.2,"A prominent regional institution located in Pune, offering various programs in computing sciences."
Pioneer College of Computing Sciences Delhi,PC Delhi,435,Delhi,Delhi,Deemed University,2001,False,3.1,58.0,7.2,14.5,"A prominent regional institution located in Delhi, offering various programs in computing sciences."
Future College of Technology and Science Bhopal,FT Bhopal,417,Madhya Pradesh,Bhopal,Deemed University,2000,False,3.6,68.1,5.1,19.2,"A prominent regional institution located in Bhopal, offering various programs in technology and science."
Excel School of Advanced Studies Thane,EA Thane,226,Maharashtra,Thane,UGC Recognized Private,1982,False,3.1,74.4,6.5,20.0,"A prominent regional institution located in Thane, offering various programs in advanced studies."
Royal Institute of Business Administration Lucknow,RB Lucknow,452,Uttar Pradesh,Lucknow,Deemed University,1993,False,3.7,55.2,5.9,19.6,"A prominent regional institution located in Lucknow, offering various programs in business administration."
Horizon Institute of Technology and Science Lucknow,HT Lucknow,690,Uttar Pradesh,Lucknow,UGC Recognized Private,2010,False,3.9,62.6,6.0,20.8,"A prominent regional institution located in Lucknow, offering various programs in technology and science."
Meridian Institute of Advanced Studies Visakhapatnam,MA Visakhapatnam,186,Andhra Pradesh,Visakhapatnam,State Govt. Autonomous,2005,False,3.6,84.8,4.5,18.6,"A prominent regional institution located in Visakhapatnam, offering various programs in advanced studies."
Royal College of Engineering and Management Hyderabad,RE Hyderabad,692,Telangana,Hyderabad,UGC Recognized Private,1984,False,3.3,58.9,4.6,17.3,"A prominent regional institution located in Hyderabad, offering various programs in engineering and management."
Global College of Business Administration Hyderabad,GB Hyderabad,765,Telangana,Hyderabad,State Govt. Autonomous,2016,False,3.5,65.5,3.9,9.8,"A prominent regional institution located in Hyderabad, offering various programs in business administration."
Meridian Institute of Technology and Science Nagpur,MT Nagpur,628,Maharashtra,Nagpur,Private Educational Trust,1992,False,3.7,58.4,5.7,8.2,"A prominent regional institution located in Nagpur, offering various programs in technology and science."
Global College of Business Administration Surat,GB Surat,493,Gujarat,Surat,State Govt. Autonomous,1997,False,3.8,81.4,4.9,17.6,"A prominent regional institution located in Surat, offering various programs in business administration."
Global Institute of Technology and Science Vadodara,GT Vadodara,392,Gujarat,Vadodara,UGC Recognized Private,1985,False,3.1,60.4,4.4,19.2,"A prominent regional institution located in Vadodara, offering various programs in technology and science."
Horizon College of Advanced Studies Pune,HA Pune,790,Maharashtra,Pune,AICTE Approved Private,2012,False,3.8,61.4,6.4,15.6,"A prominent regional institution located in Pune, offering various programs in advanced studies."
Vertex School of Business Administration Delhi,VB Delhi,100,Delhi,Delhi,UGC Recognized Private,2001,False,4.1,60.7,6.2,11.6,"A prominent regional institution located in Delhi, offering various programs in business administration."
Excel Institute of Technology and Science Surat,ET Surat,114,Gujarat,Surat,Deemed University,2016,False,3.7,57.2,6.0,15.9,"A prominent regional institution located in Surat, offering various programs in technology and science."
Pioneer Institute of Computing Sciences Nagpur,PC Nagpur,528,Maharashtra,Nagpur,AICTE Approved Private,2005,False,3.8,77.0,5.9,9.1,"A prominent regional institution located in Nagpur, offering various programs in computing sciences."
Apex College of Technology and Science Patna,AT Patna,502,Bihar,Patna,Private Educational Trust,2017,False,3.4,65.0,5.8,10.9,"A prominent regional institution located in Patna, offering various programs in technology and science."
Royal College of Business Administration Thane,RB Thane,545,Maharashtra,Thane,Deemed University,1982,False,3.3,71.3,4.2,12.6,"A prominent regional institution located in Thane, offering various programs in business administration."
Vertex Institute of Advanced Studies Pimpri-Chinchwad,VA Pimpri-Chinchwad,777,Maharashtra,Pimpri-Chinchwad,UGC Recognized Private,2006,False,3.7,77.5,4.3,18.6,"A prominent regional institution located in Pimpri-Chinchwad, offering various programs in advanced studies."
Excel Academy of Technology and Science Surat,ET Surat,579,Gujarat,Surat,Private Educational Trust,2013,False,3.6,77.8,5.9,9.2,"A prominent regional institution located in Surat, offering various programs in technology and science."
Global Academy of Engineering and Management Kolkata,GE Kolkata,548,West Bengal,Kolkata,AICTE Approved Private,1994,False,3.6,55.4,7.2,17.9,"A prominent regional institution located in Kolkata, offering various programs in engineering and management."
Global Academy of Technology and Science Pune,GT Pune,373,Maharashtra,Pune,UGC Recognized Private,1990,False,3.5,70.6,5.8,8.5,"A prominent regional institution located in Pune, offering various programs in technology and science."
Apex College of Engineering and Management Bangalore,AE Bangalore,433,Karnataka,Bangalore,Deemed University,2007,False,3.2,81.8,6.9,18.4,"A prominent regional institution located in Bangalore, offering various programs in engineering and management."
Vertex Institute of Computing Sciences Pimpri-Chinchwad,VC Pimpri-Chinchwad,319,Maharashtra,Pimpri-Chinchwad,AICTE Approved Private,2001,False,3.2,75.5,7.2,10.9,"A prominent regional institution located in Pimpri-Chinchwad, offering various programs in computing sciences."
Vertex Academy of Technology and Science Nagpur,VT Nagpur,269,Maharashtra,Nagpur,State Govt. Autonomous,1998,False,3.1,82.0,6.4,12.2,"A prominent regional institution located in Nagpur, offering various programs in technology and science."
Future School of Computing Sciences Vadodara,FC Vadodara,686,Gujarat,Vadodara,AICTE Approved Private,1985,False,3.4,59.2,4.2,19.1,"A prominent regional institution located in Vadodara, offering various programs in computing sciences."
Vertex School of Business Administration Nagpur,VB Nagpur,775,Maharashtra,Nagpur,AICTE Approved Private,1997,False,3.8,55.6,6.1,24.9,"A prominent regional institution located in Nagpur, offering various programs in business administration."
Global Academy of Advanced Studies Bhopal,GA Bhopal,690,Madhya Pradesh,Bhopal,AICTE Approved Private,2000,False,3.4,76.2,4.3,24.6,"A prominent regional institution located in Bhopal, offering various programs in advanced studies."
Pioneer Institute of Business Administration Chennai,PB Chennai,717,Tamil Nadu,Chennai,Deemed University,2018,False,3.8,56.7,4.0,15.6,"A prominent regional institution located in Chennai, offering various programs in business administration."
Vertex School of Business Administration Jaipur,VB Jaipur,641,Rajasthan,Jaipur,Deemed University,1997,False,3.0,62.6,4.3,8.1,"A prominent regional institution located in Jaipur, offering various programs in business administration."
Future Institute of Computing Sciences Pimpri-Chinchwad,FC Pimpri-Chinchwad,232,Maharashtra,Pimpri-Chinchwad,Deemed University,1996,False,3.3,63.8,7.4,12.4,"A prominent regional institution located in Pimpri-Chinchwad, offering various programs in computing sciences."
Future Academy of Advanced Studies Hyderabad,FA Hyderabad,552,Telangana,Hyderabad,Deemed University,2015,False,3.1,74.0,4.0,17.6,"A prominent regional institution located in Hyderabad, offering various programs in advanced studies."
Global College of Business Administration Visakhapatnam,GB Visakhapatnam,137,Andhra Pradesh,Visakhapatnam,Deemed University,1988,False,3.5,55.4,7.0,19.6,"A prominent regional institution located in Visakhapatnam, offering various programs in business administration."
Vertex College of Technology and Science Bhopal,VT Bhopal,784,Madhya Pradesh,Bhopal,Deemed University,1998,False,3.9,63.3,5.9,19.2,"A prominent regional institution located in Bhopal, offering various programs in technology and science."
Horizon College of Computing Sciences Kanpur,HC Kanpur,131,Uttar Pradesh,Kanpur,Private Educational Trust,2008,False,3.4,72.5,3.8,13.6,"A prominent regional institution located in Kanpur, offering various programs in computing sciences."
Apex School of Engineering and Management Bhopal,AE Bhopal,604,Madhya Pradesh,Bhopal,Deemed University,2002,False,3.3,84.2,3.8,20.3,"A prominent regional institution located in Bhopal, offering various programs in engineering and management."
Pioneer Academy of Computing Sciences Mumbai,PC Mumbai,350,Maharashtra,Mumbai,AICTE Approved Private,2007,False,4.1,71.7,3.6,24.5,"A prominent regional institution located in Mumbai, offering various programs in computing sciences."
Sunrise Institute of Computing Sciences Jaipur,SC Jaipur,326,Rajasthan,Jaipur,Private Educational Trust,1995,False,3.9,79.6,4.4,20.3,"A prominent regional institution located in Jaipur, offering various programs in computing sciences."
Royal Academy of Advanced Studies Vadodara,RA Vadodara,177,Gujarat,Vadodara,AICTE Approved Private,1986,False,3.5,77.3,4.2,11.7,"A prominent regional institution located in Vadodara, offering various programs in advanced studies."
Apex School of Advanced Studies Kolkata,AA Kolkata,422,West Bengal,Kolkata,AICTE Approved Private,1995,False,3.5,65.3,5.8,15.7,"A prominent regional institution located in Kolkata, offering various programs in advanced studies."
Pioneer Institute of Computing Sciences Pimpri-Chinchwad,PC Pimpri-Chinchwad,152,Maharashtra,Pimpri-Chinchwad,Deemed University,1996,False,3.5,77.2,5.7,19.0,"A prominent regional institution located in Pimpri-Chinchwad, offering various programs in computing sciences."
Apex School of Business Administration Mumbai,AB Mumbai,360,Maharashtra,Mumbai,UGC Recognized Private,2009,False,3.4,72.3,6.5,11.0,"A prominent regional institution located in Mumbai, offering various programs in business administration."
Future College of Technology and Science Chennai,FT Chennai,223,Tamil Nadu,Chennai,AICTE Approved Private,1996,False,3.2,58.1,6.5,9.5,"A prominent regional institution located in Chennai, offering various programs in technology and science."
Excel Academy of Computing Sciences Hyderabad,EC Hyderabad,276,Telangana,Hyderabad,AICTE Approved Private,1986,False,4.1,68.1,6.8,21.6,"A prominent regional institution located in Hyderabad, offering various programs in computing sciences."
Future Academy of Business Administration Nagpur,FB Nagpur,242,Maharashtra,Nagpur,State Govt. Autonomous,1995,False,3.7,64.1,3.6,10.0,"A prominent regional institution located in Nagpur, offering various programs in business administration."
Royal Academy of Engineering and Management Thane,RE Thane,225,Maharashtra,Thane,Private Educational Trust,2004,False,3.1,57.6,6.0,17.6,"A prominent regional institution located in Thane, offering various programs in engineering and management."
Royal Academy of Advanced Studies Lucknow,RA Lucknow,262,Uttar Pradesh,Lucknow,Private Educational Trust,2000,False,3.1,65.4,6.2,16.6,"A prominent regional institution located in Lucknow, offering various programs in advanced studies."
Vertex College of Technology and Science Jaipur,VT Jaipur,655,Rajasthan,Jaipur,UGC Recognized Private,1997,False,3.6,59.8,5.2,21.0,"A prominent regional institution located in Jaipur, offering various programs in technology and science."
Global School of Business Administration Visakhapatnam,GB Visakhapatnam,460,Andhra Pradesh,Visakhapatnam,Deemed University,1982,False,3.4,73.3,4.0,11.7,"A prominent regional institution located in Visakhapatnam, offering various programs in business administration."
Future Academy of Technology and Science Visakhapatnam,FT Visakhapatnam,478,Andhra Pradesh,Visakhapatnam,Private Educational Trust,2011,False,3.4,83.6,4.7,19.1,"A prominent regional institution located in Visakhapatnam, offering various programs in technology and science."
Apex School of Business Administration Ahmedabad,AB Ahmedabad,195,Gujarat,Ahmedabad,UGC Recognized Private,1990,False,3.7,71.6,7.4,22.8,"A prominent regional institution located in Ahmedabad, offering various programs in business administration."
Sunrise Academy of Engineering and Management Nagpur,SE Nagpur,154,Maharashtra,Nagpur,AICTE Approved Private,1987,False,3.1,69.9,4.1,9.6,"A prominent regional institution located in Nagpur, offering various programs in engineering and management."
Vertex College of Computing Sciences Kanpur,VC Kanpur,212,Uttar Pradesh,Kanpur,Private Educational Trust,1994,False,3.1,85.0,3.6,14.7,"A prominent regional institution located in Kanpur, offering various programs in computing sciences."
Vertex Institute of Engineering and Management Hyderabad,VE Hyderabad,556,Telangana,Hyderabad,AICTE Approved Private,2004,False,4.0,83.7,5.8,8.3,"A prominent regional institution located in Hyderabad, offering various programs in engineering and management."
Horizon Institute of Advanced Studies Delhi,HA Delhi,521,Delhi,Delhi,UGC Recognized Private,1998,False,3.6,74.7,4.7,19.0,"A prominent regional institution located in Delhi, offering various programs in advanced studies."
Sunrise Academy of Engineering and Management Chennai,SE Chennai,475,Tamil Nadu,Chennai,Private Educational Trust,2008,False,3.2,60.6,5.2,24.4,"A prominent regional institution located in Chennai, offering various programs in engineering and management."
Sunrise Academy of Engineering and Management Delhi,SE Delhi,214,Delhi,Delhi,Private Educational Trust,2008,False,3.2,62.9,7.2,24.4,"A prominent regional institution located in Delhi, offering various programs in engineering and management."
Global School of Technology and Science Indore,GT Indore,226,Madhya Pradesh,Indore,Private Educational Trust,1992,False,3.3,74.9,6.2,16.0,"A prominent regional institution located in Indore, offering various programs in technology and science."
Vertex School of Engineering and Management Bhopal,VE Bhopal,702,Madhya Pradesh,Bhopal,UGC Recognized Private,1984,False,3.8,83.5,4.8,11.7,"A prominent regional institution located in Bhopal, offering various programs in engineering and management."
Meridian College of Business Administration Kolkata,MB Kolkata,121,West Bengal,Kolkata,UGC Recognized Private,1983,False,3.1,58.3,7.4,19.4,"A prominent regional institution located in Kolkata, offering various programs in business administration."
Royal Institute of Computing Sciences Thane,RC Thane,392,Maharashtra,Thane,Private Educational Trust,2012,False,3.9,70.1,4.5,15.9,"A prominent regional institution located in Thane, offering various programs in computing sciences."
Global College of Computing Sciences Pune,GC Pune,320,Maharashtra,Pune,Deemed University,1989,False,3.8,71.0,6.8,12.2,"A prominent regional institution located in Pune, offering various programs in computing sciences."
Excel Academy of Advanced Studies Bangalore,EA Bangalore,695,Karnataka,Bangalore,AICTE Approved Private,1998,False,3.7,76.4,7.3,20.5,"A prominent regional institution located in Bangalore, offering various programs in advanced studies."
Global Institute of Engineering and Management Visakhapatnam,GE Visakhapatnam,640,Andhra Pradesh,Visakhapatnam,Deemed University,1995,False,3.2,66.4,6.9,22.0,"A prominent regional institution located in Visakhapatnam, offering various programs in engineering and management."
Vertex Academy of Advanced Studies Vadodara,VA Vadodara,109,Gujarat,Vadodara,Deemed University,2008,False,3.3,83.8,3.9,18.3,"A prominent regional institution located in Vadodara, offering various programs in advanced studies."
Excel College of Business Administration Vadodara,EB Vadodara,782,Gujarat,Vadodara,Private Educational Trust,2008,False,3.5,77.6,5.2,23.9,"A prominent regional institution located in Vadodara, offering various programs in business administration."
Sunrise School of Computing Sciences Pune,SC Pune,752,Maharashtra,Pune,Deemed University,2010,False,3.2,83.3,7.1,22.3,"A prominent regional institution located in Pune, offering various programs in computing sciences."
Vertex Institute of Advanced Studies Bangalore,VA Bangalore,543,Karnataka,Bangalore,AICTE Approved Private,1995,False,3.4,71.2,6.6,11.9,"A prominent regional institution located in Bangalore, offering various programs in advanced studies."
Pioneer Academy of Advanced Studies Indore,PA Indore,204,Madhya Pradesh,Indore,UGC Recognized Private,1998,False,3.4,80.0,6.2,13.5,"A prominent regional institution located in Indore, offering various programs in advanced studies."
Excel Institute of Advanced Studies Hyderabad,EA Hyderabad,700,Telangana,Hyderabad,Private Educational Trust,1982,False,3.1,68.5,5.4,14.6,"A prominent regional institution located in Hyderabad, offering various programs in advanced studies."
Vertex Academy of Engineering and Management Ahmedabad,VE Ahmedabad,667,Gujarat,Ahmedabad,AICTE Approved Private,2008,False,3.0,72.8,4.4,18.2,"A prominent regional institution located in Ahmedabad, offering various programs in engineering and management."
Pioneer Institute of Advanced Studies Kanpur,PA Kanpur,748,Uttar Pradesh,Kanpur,State Govt. Autonomous,2008,False,3.9,65.8,6.2,23.1,"A prominent regional institution located in Kanpur, offering various programs in advanced studies."
Apex School of Advanced Studies Indore,AA Indore,329,Madhya Pradesh,Indore,Deemed University,1983,False,3.4,82.8,3.5,12.3,"A prominent regional institution located in Indore, offering various programs in advanced studies."
